system_id,system_purpose,user_story_id,user_story,acceptance_criteria,pattern_id,pattern_name,pattern_motivation,pattern_solution,pattern_consequences,classification,evidence_refs,evidence_text,rationale,rag_top5,adr_title,adr_status,adr_context,adr_decision,adr_consequences,adr_model,adr_reasoning_effort,adr_response_id
SYS01,Suporte multiárea de acordo com normativos e procedimentos da empresa,SYS01-US01,Eu como atendente de loja quero tirar dúvidas sobre o procedimento adequado para abordar a solicitação do cliente;,"[SYS01-US01-AC01] O sistema deverá responder ao atendente de acordo com os documentos oficiais da empresa; | [SYS01-US01-AC02] O sistema deverá informar o atendente que não pode ajudar, caso nenhum documento contenha a orientação para o procedimento.",001,Encapsulating ML Models within Rule-based Safeguards,"It is impossible to guarantee the correctness of ML model predictions, so they should not be directly used for safety- or security-related functions. Furthermore, ML models can be unstable and vulnerable to adversarial attacks, data noise, and drift.","Introduce a deterministic, rule-based mechanism that decides what to do with the prediction results, e.g., based on additional quality checks.","Reduced risk for negative impacts of incorrect predictions, but a more complex architecture.",applicable,SYS01-US01-AC01;SYS01-US01-AC02,"[SYS01-US01-AC01] O sistema deverá responder ao atendente de acordo com os documentos oficiais da empresa; | [SYS01-US01-AC02] O sistema deverá informar o atendente que não pode ajudar, caso nenhum documento contenha a orientação para o procedimento.","The criteria require answers to follow official documents and require the system to withhold guidance when no document supports it. This establishes a safeguard against unsupported responses, consistent with the pattern’s intent.",no,Document-Grounded Response Safeguards,Proposed,"Store attendants need procedural guidance for handling customer requests. The system must answer according to the company's official documents and state that it cannot help when no document contains guidance for the procedure. AI-produced responses may not always satisfy these conditions, so the architecture must prevent unsupported guidance from reaching attendants.","We will place a deterministic, rule-based safeguard between AI-produced guidance and its delivery to store attendants. The safeguard will allow a response only when it is consistent with guidance in the company's official documents. If no official document contains guidance for the requested procedure, the system will tell the attendant that it cannot help.","This will reduce the risk of attendants receiving unsupported procedural guidance, though it cannot guarantee that every permitted answer is correct. The safeguard adds architectural complexity and may prevent a response from being delivered when the AI-produced guidance does not meet its rules.",gpt-6-sol,high,resp_08587682ec64f283006ac304cbcd8887d29493de9450781994
SYS01,Suporte multiárea de acordo com normativos e procedimentos da empresa,SYS01-US01,Eu como atendente de loja quero tirar dúvidas sobre o procedimento adequado para abordar a solicitação do cliente;,"[SYS01-US01-AC01] O sistema deverá responder ao atendente de acordo com os documentos oficiais da empresa; | [SYS01-US01-AC02] O sistema deverá informar o atendente que não pode ajudar, caso nenhum documento contenha a orientação para o procedimento.",016,Partial Rejection of Safety Responsibility,"Recent developments in ML and DL allowed probabilistic systems with large input and output spaces to be explored in safety critical systems. This introduces safety-related challenges, such as: (1) Model complexity and opacity, (2) Dealing with probabilistic output, (3) Sensitivity to distribution shifts (4) Formal verification is impossible or not scalable and more. This safety responsibility has to be dealt with.",A system decides to reject the predictions of a DL algorith or delay any decisions until it is confident enough,"One can allow some uncertainty in a system, while imposing relatively low constraints on the DL algorithms used.",applicable,SYS01-US01-AC02,"[SYS01-US01-AC02] O sistema deverá informar o atendente que não pode ajudar, caso nenhum documento contenha a orientação para o procedimento.","O critério exige que o sistema se abstenha de orientar o atendente quando não houver documento que sustente a resposta, em vez de fornecer uma orientação sem respaldo. Isso corresponde à rejeição de uma resposta quando falta base suficiente para oferecê-la.",yes,Rejection of Unsupported Procedural Answers,Proposed,Store attendants need guidance on how to handle customer requests. The system must answer according to the company’s official documents and inform the attendant when no document contains guidance for the requested procedure. The architecture must therefore account for requests that lack a documented answer.,"We will reject a proposed procedural answer when the company’s official documents do not support it. If no document contains guidance for the requested procedure, we will tell the attendant that the system cannot help rather than provide an unsupported answer.","Attendants will not receive procedural guidance that lacks support in the official documents. Requests without documented guidance will remain unanswered, so the system’s ability to help depends on the guidance those documents contain.",gpt-6-sol,high,resp_0a440b47ee13293a006ac3090e840c87d1969d734c4f39f3dc
SYS01,Suporte multiárea de acordo com normativos e procedimentos da empresa,SYS01-US01,Eu como atendente de loja quero tirar dúvidas sobre o procedimento adequado para abordar a solicitação do cliente;,"[SYS01-US01-AC01] O sistema deverá responder ao atendente de acordo com os documentos oficiais da empresa; | [SYS01-US01-AC02] O sistema deverá informar o atendente que não pode ajudar, caso nenhum documento contenha a orientação para o procedimento.",060,Parameter-based serving pattern,"To control prediction with parameter.
When it is possible to control rule-based.","Add a mechanism in your code to change behaviour of all or a part of the predictions, including stopping, retrying or timeout. Since it is difficult to keep high accuracy without any error for a model for every case or every input data, it is better to estimate possible anomaly and control with rulebased mechanism.","Pros: avoid abnormal prediction for edge cases.
Cons: Impossible to cover all the cases.
Increase in rules make complexity in operation.",applicable,SYS01-US01-AC01;SYS01-US01-AC02,"[SYS01-US01-AC01] O sistema deverá responder ao atendente de acordo com os documentos oficiais da empresa; | [SYS01-US01-AC02] O sistema deverá informar o atendente que não pode ajudar, caso nenhum documento contenha a orientação para o procedimento.","Os critérios condicionam a resposta aos documentos oficiais e exigem que o sistema deixe de fornecer orientação quando nenhum documento a sustenta. Isso evidencia a necessidade de controlar respostas para evitar orientações sem fundamento, alinhada ao propósito do padrão.",no,Document-Grounded Response Control,Proposed,Store attendants need answers about how to handle customer requests. The system must answer in accordance with official company documents and must say that it cannot help when no document contains guidance for the procedure. The architecture therefore needs to control when it provides procedural guidance.,"We will apply a rule-based control to procedural responses. We will provide guidance only when an official company document contains guidance for the procedure, and we will keep the response consistent with that document. When no document contains such guidance, we will withhold procedural guidance and tell the attendant that the system cannot help.","This control reduces the risk of giving attendants procedural advice unsupported by official documents. Its effectiveness depends on correctly determining whether the documents contain applicable guidance. The control cannot account for every case, and additional rules may increase operational complexity.",gpt-6-sol,high,resp_0b8cb5d42c8b1484006ac30914caa087d1ba2cced442b20d52
SYS01,Suporte multiárea de acordo com normativos e procedimentos da empresa,SYS01-US02,"Eu como atendente de TI quero prestar o suporte de primeiro nível para os usuários da empresa, tais como bloqueios de sites ou instalação de softwares",[SYS01-US02-AC01] O sistema deverá registrar um chamado para documentação da solicitação por meio de integração com o sistema de chamados; | [SYS01-US02-AC02] O sistema deverá responder os procedimentos e dúvidas informados pelo usuário no âmbito do portfólio dos serviços de TI;,003,Client-Server,A number of users/applications requires data from an application.,"One component has a role of server and at least one component has the role of client, initiating connections in order to obtain some service.","The data, as well as the network peripherals, are centrally controlled. A disadvantage, however, is that the server is expensive to purchase and manage.",applicable,SYS01-US02-AC01,[SYS01-US02-AC01] O sistema deverá registrar um chamado para documentação da solicitação por meio de integração com o sistema de chamados;,"O registro de chamados por integração exige que o sistema solicite a outro sistema um serviço, evidenciando a relação entre consumidor e provedor de serviços abordada pelo padrão Client-Server.",yes,Integração cliente-servidor para registro de chamados,Proposed,O atendimento de primeiro nível de TI abrange solicitações como bloqueio de sites e instalação de softwares. O sistema deve responder a procedimentos e dúvidas sobre o portfólio de serviços de TI e documentar as solicitações por meio de integração com o sistema de chamados. Essa integração exige definir qual sistema solicita o registro e qual presta esse serviço.,"Vamos estabelecer uma relação cliente-servidor para o registro de chamados. O sistema de suporte atuará como cliente e iniciará solicitações ao sistema de chamados, que atuará como servidor e prestará o serviço de registro para documentar as solicitações dos usuários.","O registro dos chamados ficará centralizado no sistema de chamados. Em contrapartida, a documentação das solicitações dependerá da disponibilidade desse sistema, e a operação do serviço de registro exigirá gestão. Essa integração não define como o sistema responderá às dúvidas e aos procedimentos do portfólio de TI.",gpt-6-sol,high,resp_0f5291255a3f60ae006ac3091c9aa887d1a9f33bf202d2785b
SYS01,Suporte multiárea de acordo com normativos e procedimentos da empresa,SYS01-US03,Eu como usuário desejo que o sistema mostre todas as fontes usadas nas respostas solicitadas,"[SYS01-US03-AC01] O sistema deverá informar o documento, versão e seção do trecho recuperado | [SYS01-US03-AC02] O sistema deverá informar apenas o que está no catálogo da empresa",001,Encapsulating ML Models within Rule-based Safeguards,"It is impossible to guarantee the correctness of ML model predictions, so they should not be directly used for safety- or security-related functions. Furthermore, ML models can be unstable and vulnerable to adversarial attacks, data noise, and drift.","Introduce a deterministic, rule-based mechanism that decides what to do with the prediction results, e.g., based on additional quality checks.","Reduced risk for negative impacts of incorrect predictions, but a more complex architecture.",applicable,SYS01-US03-AC01;SYS01-US03-AC02,"[SYS01-US03-AC01] O sistema deverá informar o documento, versão e seção do trecho recuperado | [SYS01-US03-AC02] O sistema deverá informar apenas o que está no catálogo da empresa","The response must be limited to the company catalog and identify the document, version, and section supporting a retrieved passage. These constraints establish a need to safeguard responses against unsupported information, which aligns with the pattern’s intent.",no,Rule-Based Safeguards for Catalog-Grounded Answers,Proposed,"The multi-area support system must show all sources used in an answer, identifying the document, version, and section of each retrieved passage. Answers must contain only information from the company catalog. Because AI-generated content may not reliably meet these conditions, the architecture needs a way to check answers before presenting them.","We will place deterministic, rule-based checks between answer generation and presentation. These checks will allow only content supported by retrieved passages from the company catalog and will require the answer to show every source used, with its document, version, and section. The system will withhold content that does not meet these checks.","Presented answers will be more traceable to the company catalog, reducing the risk of unsupported information. The checks will add architectural complexity and may prevent some content from being shown when catalog support or the required source details cannot be established.",gpt-6-sol,high,resp_01522c82dab78ae8006ac30926ec1087d1a9e1a0f374eccc2b
SYS01,Suporte multiárea de acordo com normativos e procedimentos da empresa,SYS01-US03,Eu como usuário desejo que o sistema mostre todas as fontes usadas nas respostas solicitadas,"[SYS01-US03-AC01] O sistema deverá informar o documento, versão e seção do trecho recuperado | [SYS01-US03-AC02] O sistema deverá informar apenas o que está no catálogo da empresa",013,Fluid Architecture,"Classical architecture and UX patterns, though largely successful, suffer the following limitations in AI contexts: (1) Static interfaces, (2) Lack of bidirectionality, (3) Slow updates, (4) subiptimal personalization, (5) interpretability and explainability","Additional to any AI that runs in a backend, there is an AI in the frontend to evolve the interface and adapt it to changes. Moreover, there is an AI orchestrator. Its purposes are to monitor the performance of both the frontend’s AI and the backend’s AI to make sure that their respective performance is satisfactory and to witness contract negotiations to see how the interactions between the frontend and backend evolve over time.",The aforementioned limitations are alleviated.,applicable,SYS01-US03;SYS01-US03-AC01,"[SYS01-US03] Eu como usuário desejo que o sistema mostre todas as fontes usadas nas respostas solicitadas | [SYS01-US03-AC01] O sistema deverá informar o documento, versão e seção do trecho recuperado","A exigência de mostrar as fontes e identificar documento, versão e seção do trecho recuperado expressa uma necessidade de transparência sobre a origem das respostas, relacionada à interpretabilidade e explicabilidade abordadas pelo padrão.",no,Adaptive Presentation of Answer Sources,Proposed,"Users need to see every source used in a requested answer, including the document, version, and section of each retrieved passage. The system must report only information in the company catalog. The presentation of answers therefore needs to remain aligned with their source information.","We will establish a frontend AI that adapts the presentation of answers to show every source used and its document, version, and section. A backend AI will provide answers limited to the company catalog and the associated source information. An AI orchestrator will monitor both AI capabilities and oversee how their interaction evolves so that the presentation remains aligned with the answers and their sources.","Users will be able to see the catalog sources behind answers, making their origins easier to understand. The frontend and backend will need to keep answer content and source details aligned. The additional frontend AI and orchestrator will also introduce monitoring and coordination responsibilities.",gpt-6-sol,high,resp_0821a148fba5d983006ac30930c9d487d1ae156dc173361a0e
SYS01,Suporte multiárea de acordo com normativos e procedimentos da empresa,SYS01-US03,Eu como usuário desejo que o sistema mostre todas as fontes usadas nas respostas solicitadas,"[SYS01-US03-AC01] O sistema deverá informar o documento, versão e seção do trecho recuperado | [SYS01-US03-AC02] O sistema deverá informar apenas o que está no catálogo da empresa",060,Parameter-based serving pattern,"To control prediction with parameter.
When it is possible to control rule-based.","Add a mechanism in your code to change behaviour of all or a part of the predictions, including stopping, retrying or timeout. Since it is difficult to keep high accuracy without any error for a model for every case or every input data, it is better to estimate possible anomaly and control with rulebased mechanism.","Pros: avoid abnormal prediction for edge cases.
Cons: Impossible to cover all the cases.
Increase in rules make complexity in operation.",applicable,SYS01-US03-AC02,[SYS01-US03-AC02] O sistema deverá informar apenas o que está no catálogo da empresa,"O critério limita as respostas ao conteúdo do catálogo da empresa, estabelecendo uma regra para controlar o que pode ser informado. Isso corresponde à finalidade do padrão de restringir respostas com base em regras.",no,Rule-Based Controls for Catalog Answers,Proposed,"Users need to see all sources used in an answer, including the document, version, and section of each retrieved excerpt. Answers must report only information in the company catalog. The architecture therefore needs to control what information appears in answers while preserving the required source details.","We will apply rule-based controls to answers so that they report only content from the company catalog. For every retrieved excerpt used in an answer, we will show its document, version, and section; content that does not meet these conditions will not be reported.","Answers will be limited to catalog content, and users will be able to identify the sources used. Content without the required source details may have to be excluded. The controls cannot cover every possible erroneous answer, and maintaining more rules may increase operational complexity.",gpt-6-sol,high,resp_03253484774e95cd006ac3093bb99087d18a4696477ff97706
SYS02,Assistente para geração de documentos licitatórios,SYS02-US01,Eu como usuário desejo que o sistema gere um documento inicial de acordo com o registro cadastrado no sistema de licitações,[SYS02-US01-AC01] O sistema deverá seguir o layout previamente cadastrado pelo administrador do sistema | [SYS02-US01-AC02] O sistema deverá substituir as variáveis com o conteúdo gerado pelo modelo de IA | [SYS02-US01-AC03] O sistema deverá utilizar o layout apropriado para o tipo de documento | [SYS02-US01-AC04] O sistema deverá utilizar o padrão de linguagem na norma técnico-jurídica | [SYS02-US01-AC05] O sistema deverá concatenar o texto do layout com os textos das variáveis mantendo um padrão legível e harmônico,002,Pipes and Filters,A system has to perform a variety of tasks of varying complexity on the data that it processes.,"Data is processed through a series of procedures, which have different inputs at various stages and produce incremental results as the comparison of the query images and input image takes place.","System becomes more flexible; removing, modifying and adding filters is easier than with a monolithic system",applicable,SYS02-US01-AC02;SYS02-US01-AC03;SYS02-US01-AC05,[SYS02-US01-AC02] O sistema deverá substituir as variáveis com o conteúdo gerado pelo modelo de IA | [SYS02-US01-AC03] O sistema deverá utilizar o layout apropriado para o tipo de documento | [SYS02-US01-AC05] O sistema deverá concatenar o texto do layout com os textos das variáveis mantendo um padrão legível e harmônico,"Os critérios exigem operações distintas sobre os dados do documento: escolher o layout apropriado, substituir variáveis pelo conteúdo gerado e combinar os textos em um resultado legível. Essas transformações sucessivas correspondem à necessidade de processamento em etapas abordada por Pipes and Filters.",yes,Staged Generation of Procurement Documents,Proposed,"The system must generate an initial document based on a record in the procurement system. It must use the administrator-registered layout appropriate to the document type, replace layout variables with AI-generated content, and produce readable, harmonious text in technical-legal language. These requirements involve distinct transformations that must work together in the final document.","We will generate the document through a sequence of processing stages. The stages will select the appropriate registered layout, replace its variables with AI-generated content, and combine the layout and variable text into a readable, harmonious document in technical-legal language. Each stage will pass its result to the next.","Separating the transformations will make it easier to adjust one stage without changing the entire generation flow. The stages will also need to remain coordinated: a change to an intermediate result can affect the readability, formatting, or language of the final document.",gpt-6-sol,high,resp_0c617baea381d6ee006ac309444eac87d1877053c9886148bc
SYS02,Assistente para geração de documentos licitatórios,SYS02-US01,Eu como usuário desejo que o sistema gere um documento inicial de acordo com o registro cadastrado no sistema de licitações,[SYS02-US01-AC01] O sistema deverá seguir o layout previamente cadastrado pelo administrador do sistema | [SYS02-US01-AC02] O sistema deverá substituir as variáveis com o conteúdo gerado pelo modelo de IA | [SYS02-US01-AC03] O sistema deverá utilizar o layout apropriado para o tipo de documento | [SYS02-US01-AC04] O sistema deverá utilizar o padrão de linguagem na norma técnico-jurídica | [SYS02-US01-AC05] O sistema deverá concatenar o texto do layout com os textos das variáveis mantendo um padrão legível e harmônico,004,Model-View-Controller (MVC),The system is required to facilitate multiple views of the same data object and single view of multiple data objects.,"Includes three parts: Model (internal data), View (data representation) and Controller (I/O Controller). Only the model layer should be altered.",This pattern greatly enhances the code reusability and system enpansibility.,applicable,SYS02-US01-AC01;SYS02-US01-AC02;SYS02-US01-AC03,[SYS02-US01-AC01] O sistema deverá seguir o layout previamente cadastrado pelo administrador do sistema | [SYS02-US01-AC02] O sistema deverá substituir as variáveis com o conteúdo gerado pelo modelo de IA | [SYS02-US01-AC03] O sistema deverá utilizar o layout apropriado para o tipo de documento,"The criteria distinguish generated content from its layout and require the layout to vary by document type. This provides evidence of a need to keep data separate from its representation, which is the concern addressed by MVC.",no,Separate Document Content from Layout and Generation Control,Proposed,"The system must generate an initial procurement document from a registered record. It must use the administrator-registered layout appropriate to the document type, replace layout variables with AI-generated content, and produce readable, coherent text in technical-legal language. These requirements distinguish the document content from its representation and from the handling of the generation request.","We will separate document generation into a model that holds the registered record and generated variable content, a view that represents the document using the appropriate registered layout, and a controller that coordinates the generation request and resulting document. The view will combine the layout text with substituted variable content to produce a readable, coherent document in the required technical-legal style.","Separating content from its representation will make it easier to reuse generation behavior across document types and their layouts. It will also require the model, view, and controller to remain coordinated as layouts and document types change. The completed text must still be checked for readability, coherence, and technical-legal language; the separation alone does not ensure those qualities.",gpt-6-sol,high,resp_0df43f4204060c0c006ac3094c68a887d1a90ee083772e3e53
SYS02,Assistente para geração de documentos licitatórios,SYS02-US01,Eu como usuário desejo que o sistema gere um documento inicial de acordo com o registro cadastrado no sistema de licitações,[SYS02-US01-AC01] O sistema deverá seguir o layout previamente cadastrado pelo administrador do sistema | [SYS02-US01-AC02] O sistema deverá substituir as variáveis com o conteúdo gerado pelo modelo de IA | [SYS02-US01-AC03] O sistema deverá utilizar o layout apropriado para o tipo de documento | [SYS02-US01-AC04] O sistema deverá utilizar o padrão de linguagem na norma técnico-jurídica | [SYS02-US01-AC05] O sistema deverá concatenar o texto do layout com os textos das variáveis mantendo um padrão legível e harmônico,014,"Distinguish Business Logic from
ML Model","Machine Learning (ML) systems are complex because their ML components must be (re)trained regularly and have an intrinsic non-deterministic behavior. Similar to other systems, the business requirements for these systems as well as ML algorithms change over time.","Define clear APIs between traditional and
ML components. Place business and ML components with different responsibilities into three layers. Divide data flows into three.",Decoupling “traditional” business and ML components allows the ML components to be monitored and adjusted to meet users’ requirements and changing inputs.,applicable,SYS02-US01-AC01;SYS02-US01-AC02;SYS02-US01-AC03;SYS02-US01-AC05,[SYS02-US01-AC01] O sistema deverá seguir o layout previamente cadastrado pelo administrador do sistema | [SYS02-US01-AC02] O sistema deverá substituir as variáveis com o conteúdo gerado pelo modelo de IA | [SYS02-US01-AC03] O sistema deverá utilizar o layout apropriado para o tipo de documento | [SYS02-US01-AC05] O sistema deverá concatenar o texto do layout com os textos das variáveis mantendo um padrão legível e harmônico,"Os critérios distinguem o conteúdo gerado pelo modelo de IA das regras para selecionar o layout cadastrado, substituir variáveis e compor o documento. Essa distinção entre responsabilidades de ML e lógica de negócio corresponde à preocupação central do padrão.",no,Separação entre composição documental e geração por IA,Proposed,"O documento inicial deve corresponder ao registro cadastrado no sistema de licitações, usar o layout apropriado ao tipo de documento e seguir o layout cadastrado pelo administrador. O conteúdo das variáveis será gerado pelo modelo de IA em linguagem técnico-jurídica, enquanto a substituição das variáveis e a composição do texto devem preservar a legibilidade e a harmonia do documento. Essas responsabilidades precisam permanecer distinguíveis.","We will separate the business logic that selects the registered layout, replaces variables, and composes the document from the AI model that generates the content for those variables. We will define a clear interface through which the generated content is provided for insertion into the appropriate layout, while preserving the required technical-legal language and a readable, harmonious result.","The layout and composition rules can be maintained separately from adjustments to AI-generated content. This separation makes it clearer which responsibility to address when the document does not meet its requirements. It also requires maintaining the interface between the two responsibilities; separating them does not, by itself, ensure that generated text follows the required language standard or fits harmoniously into the layout.",gpt-6-sol,high,resp_05f7cb93846bab97006ac30956fa4087d19a0a480f99677801
SYS02,Assistente para geração de documentos licitatórios,SYS02-US01,Eu como usuário desejo que o sistema gere um documento inicial de acordo com o registro cadastrado no sistema de licitações,[SYS02-US01-AC01] O sistema deverá seguir o layout previamente cadastrado pelo administrador do sistema | [SYS02-US01-AC02] O sistema deverá substituir as variáveis com o conteúdo gerado pelo modelo de IA | [SYS02-US01-AC03] O sistema deverá utilizar o layout apropriado para o tipo de documento | [SYS02-US01-AC04] O sistema deverá utilizar o padrão de linguagem na norma técnico-jurídica | [SYS02-US01-AC05] O sistema deverá concatenar o texto do layout com os textos das variáveis mantendo um padrão legível e harmônico,045,Builder Pattern,,Separate the construction of a complex object from its representation,,applicable,SYS02-US01-AC01;SYS02-US01-AC02;SYS02-US01-AC03;SYS02-US01-AC05,[SYS02-US01-AC01] O sistema deverá seguir o layout previamente cadastrado pelo administrador do sistema | [SYS02-US01-AC02] O sistema deverá substituir as variáveis com o conteúdo gerado pelo modelo de IA | [SYS02-US01-AC03] O sistema deverá utilizar o layout apropriado para o tipo de documento | [SYS02-US01-AC05] O sistema deverá concatenar o texto do layout com os textos das variáveis mantendo um padrão legível e harmônico,Os critérios distinguem o conteúdo gerado para as variáveis do layout que representa o documento e exigem combiná-los conforme o tipo de documento. Essa distinção entre a composição do documento e sua representação corresponde à necessidade tratada pelo Builder.,no,Separate Document Construction from Layout Representation,Proposed,"The system must generate an initial bidding document based on a registered record. It must use the administrator-registered layout appropriate to the document type, replace layout variables with AI-generated content, and produce readable, harmonious text in technical-legal language. This requires the document’s content and layout to be brought together without treating them as the same concern.","We will separate construction of the initial document from its layout representation. The registered layout selected for the document type will define the representation, while document construction will replace its variables with AI-generated content and combine that content with the layout text into a readable, harmonious document in technical-legal language.",Layouts can vary by document type without being conflated with the AI-generated content used to fill them. Document construction must still account for the variables in each selected layout and ensure that the combined text remains coherent and follows the required language standard; separating construction from representation does not guarantee those qualities on its own.,gpt-6-sol,high,resp_05de61ebedafeb6c006ac30960142487d19f132c25a22b0bf9
SYS02,Assistente para geração de documentos licitatórios,SYS02-US01,Eu como usuário desejo que o sistema gere um documento inicial de acordo com o registro cadastrado no sistema de licitações,[SYS02-US01-AC01] O sistema deverá seguir o layout previamente cadastrado pelo administrador do sistema | [SYS02-US01-AC02] O sistema deverá substituir as variáveis com o conteúdo gerado pelo modelo de IA | [SYS02-US01-AC03] O sistema deverá utilizar o layout apropriado para o tipo de documento | [SYS02-US01-AC04] O sistema deverá utilizar o padrão de linguagem na norma técnico-jurídica | [SYS02-US01-AC05] O sistema deverá concatenar o texto do layout com os textos das variáveis mantendo um padrão legível e harmônico,050,Synchronous pattern,"When in your business logic, the model inference is a blocker to proceed to the next step",blocks the system's workflow until the prediction finishes,"Easy to manage with its simplicity. All operational aspects like transaction tracing, monitoring etc become easy as well. Service workflow becomes simple for the process won't proceed until the prediction completes.
But: (1) The prediction latency can become a performance bottleneck.
(2) You might have to consider a workaround for not degrading your user experience because of prediction latency. (3) If the client of your service is another service then this pattern leads to blocked threads on the client side.",applicable,SYS02-US01-AC02;SYS02-US01-AC05,[SYS02-US01-AC02] O sistema deverá substituir as variáveis com o conteúdo gerado pelo modelo de IA | [SYS02-US01-AC05] O sistema deverá concatenar o texto do layout com os textos das variáveis mantendo um padrão legível e harmônico,"A substituição das variáveis e a composição do documento dependem do conteúdo gerado pelo modelo de IA. Assim, essa etapa do fluxo não pode prosseguir até que a geração termine, o que corresponde à necessidade tratada pelo padrão.",no,Synchronous Assembly of Initial Documents,Proposed,"The system must generate an initial procurement document using the administrator-registered layout appropriate to its document type. It must replace layout variables with AI-generated content and combine the text in a readable, harmonious form using technical-legal language. Variable substitution and document assembly depend on the model completing its generation.",We will make the document-generation workflow wait for the AI model to finish generating variable content before replacing variables and combining that content with the appropriate registered layout. The workflow will not assemble the initial document until the generated content is available.,This keeps the sequence of generation and assembly straightforward and makes the workflow easier to trace and monitor. Model latency will delay completion of the document and may affect the user's experience.,gpt-6-sol,high,resp_02f7931a32030afa006ac30968d55887d1be1d0e8c6784914e
SYS02,Assistente para geração de documentos licitatórios,SYS02-US02,"Eu como usuário desejo que o sistema melhore os textos informados, corrigindo eventuais erros e ajustando-o à norma técnico-jurídica","[SYS02-US02-AC01] O sistema deverá alterar os textos sem alterar o contexto ou o propósito do artefato produzido | [SYS02-US02-AC02] O sistema deverá aceitar diversos tipos de documentos previamente padronizados | [SYS02-US02-AC03] O sistema deverá permitir que o usuário reformule, resuma ou expanda o conteúdo com contexto;",001,Encapsulating ML Models within Rule-based Safeguards,"It is impossible to guarantee the correctness of ML model predictions, so they should not be directly used for safety- or security-related functions. Furthermore, ML models can be unstable and vulnerable to adversarial attacks, data noise, and drift.","Introduce a deterministic, rule-based mechanism that decides what to do with the prediction results, e.g., based on additional quality checks.","Reduced risk for negative impacts of incorrect predictions, but a more complex architecture.",applicable,SYS02-US02-AC01,[SYS02-US02-AC01] O sistema deverá alterar os textos sem alterar o contexto ou o propósito do artefato produzido,"AC01 requires text revisions to preserve the artifact’s context and purpose. This is an explicit concern about incorrect output, which aligns with the pattern’s intent to safeguard against harmful results from an automated component.",no,Rule-Based Safeguards for Document Revisions,Proposed,"The assistant must improve user-provided text, including corrections and adjustments to technical-legal conventions. It must also support previously standardized document types and allow users to rephrase, summarize, or expand content. These changes must preserve the context and purpose of the resulting artifact, while automated revisions may produce incorrect results.","We will place deterministic, rule-based safeguards between automated text revision and acceptance of the revised content. The safeguards will check proposed corrections, adjustments, rephrasings, summaries, and expansions against conditions for preserving the artifact’s context and purpose, and will prevent revisions that fail those checks from being applied.","The safeguards will reduce the risk of accepting revisions that change an artifact’s context or purpose, but they cannot guarantee that every accepted revision is correct. They will also make the architecture more complex and may prevent some acceptable revisions when those revisions fail the checks.",gpt-6-sol,high,resp_0bb0e1aff281cd02006ac30970641c87d1842c82a7434bd21a
SYS02,Assistente para geração de documentos licitatórios,SYS02-US02,"Eu como usuário desejo que o sistema melhore os textos informados, corrigindo eventuais erros e ajustando-o à norma técnico-jurídica","[SYS02-US02-AC01] O sistema deverá alterar os textos sem alterar o contexto ou o propósito do artefato produzido | [SYS02-US02-AC02] O sistema deverá aceitar diversos tipos de documentos previamente padronizados | [SYS02-US02-AC03] O sistema deverá permitir que o usuário reformule, resuma ou expanda o conteúdo com contexto;",002,Pipes and Filters,A system has to perform a variety of tasks of varying complexity on the data that it processes.,"Data is processed through a series of procedures, which have different inputs at various stages and produce incremental results as the comparison of the query images and input image takes place.","System becomes more flexible; removing, modifying and adding filters is easier than with a monolithic system",applicable,SYS02-US02;SYS02-US02-AC03,"[SYS02-US02] Eu como usuário desejo que o sistema melhore os textos informados, corrigindo eventuais erros e ajustando-o à norma técnico-jurídica | [SYS02-US02-AC03] O sistema deverá permitir que o usuário reformule, resuma ou expanda o conteúdo com contexto;","A história exige corrigir e adequar textos, enquanto o critério prevê reformular, resumir ou expandir conteúdo. Essa variedade de tarefas de processamento textual corresponde à necessidade abordada pelo padrão.",yes,Context-Preserving Document Text Processing Pipeline,Proposed,"Users need to improve text in standardized procurement documents by correcting errors and aligning wording with technical-legal norms. They also need to reformulate, summarize, or expand content without changing the context or purpose of the resulting artifact. These varied text-processing tasks need to work together across different standardized document types.","We will process document text through a sequence of separable transformation stages. The stages will perform correction, technical-legal adjustment, and the user-requested reformulation, summarization, or expansion as appropriate. Each stage will pass its result to the next while preserving the text’s context and the artifact’s purpose.","Separating the transformations will make it easier to modify or add text-processing steps than in a single, combined process. However, the stages will need to work together so that successive changes do not alter the document’s context or purpose.",gpt-6-sol,high,resp_0f2a2b3d78f277d9006ac30979c26887d1ab3c7198dcba76ea
SYS02,Assistente para geração de documentos licitatórios,SYS02-US02,"Eu como usuário desejo que o sistema melhore os textos informados, corrigindo eventuais erros e ajustando-o à norma técnico-jurídica","[SYS02-US02-AC01] O sistema deverá alterar os textos sem alterar o contexto ou o propósito do artefato produzido | [SYS02-US02-AC02] O sistema deverá aceitar diversos tipos de documentos previamente padronizados | [SYS02-US02-AC03] O sistema deverá permitir que o usuário reformule, resuma ou expanda o conteúdo com contexto;",060,Parameter-based serving pattern,"To control prediction with parameter.
When it is possible to control rule-based.","Add a mechanism in your code to change behaviour of all or a part of the predictions, including stopping, retrying or timeout. Since it is difficult to keep high accuracy without any error for a model for every case or every input data, it is better to estimate possible anomaly and control with rulebased mechanism.","Pros: avoid abnormal prediction for edge cases.
Cons: Impossible to cover all the cases.
Increase in rules make complexity in operation.",applicable,SYS02-US02-AC01;SYS02-US02-AC03,"[SYS02-US02-AC01] O sistema deverá alterar os textos sem alterar o contexto ou o propósito do artefato produzido | [SYS02-US02-AC03] O sistema deverá permitir que o usuário reformule, resuma ou expanda o conteúdo com contexto;","The user must be able to select how the text is transformed—reformulated, summarized, or expanded—while the resulting text must preserve the artifact’s context and purpose. These are explicit needs to control output behavior and constrain unacceptable results, which align with the pattern’s intent.",no,Parameter-Controlled Document Transformation,Proposed,"Users need to correct and adapt text to technical-legal norms across different types of previously standardized documents. They must be able to reformulate, summarize, or expand content while preserving the context and purpose of the resulting artifact. These transformation choices require control over the generated text, and an otherwise useful revision may be unacceptable if it changes the artifact’s meaning.","We will parameterize text transformation according to the user’s selected action—reformulate, summarize, or expand—and the document’s context and purpose. We will apply rule-based controls to the generated text and stop or retry a transformation when those controls identify a departure from that context or purpose.","Users can request different transformations while the system limits revisions that its rules identify as inconsistent with the artifact’s context or purpose. The controls cannot detect every problematic change, so they do not guarantee preservation in every case. Adding and maintaining rules will also increase operational complexity.",gpt-6-sol,high,resp_07c7252b6f67b038006ac30982384487d19d62ca02c43d5980
SYS02,Assistente para geração de documentos licitatórios,SYS02-US02,"Eu como usuário desejo que o sistema melhore os textos informados, corrigindo eventuais erros e ajustando-o à norma técnico-jurídica","[SYS02-US02-AC01] O sistema deverá alterar os textos sem alterar o contexto ou o propósito do artefato produzido | [SYS02-US02-AC02] O sistema deverá aceitar diversos tipos de documentos previamente padronizados | [SYS02-US02-AC03] O sistema deverá permitir que o usuário reformule, resuma ou expanda o conteúdo com contexto;",064,Daisy Architecture,"Example: organisations acquire the ability to scale their premium content production processes via the use of machine learning, text analytics and annotation techniques, and then extend the coverage of that tooling over as much of their remaining content geography as possible",Switch from content production pipelines that are a.) push-based; b.) manual and c.) linear; to content enrichment cycles that are a.) pull-based; b.) automated; and c.) on-demand and iterative,"Result of three technical enablers:
(1) Influence of Kanban on software design
(2) Scaling of automated content analysis and rich metadata creation
(3) Adoption of microservice architectures",applicable,SYS02-US02;SYS02-US02-AC03,"[SYS02-US02] Eu como usuário desejo que o sistema melhore os textos informados, corrigindo eventuais erros e ajustando-o à norma técnico-jurídica | [SYS02-US02-AC03] O sistema deverá permitir que o usuário reformule, resuma ou expanda o conteúdo com contexto;","A história solicita o aprimoramento automático de textos, e o critério AC03 permite ao usuário solicitar reformulações, resumos ou expansões conforme o contexto. Isso evidencia uma necessidade de enriquecimento de conteúdo sob demanda, alinhada à intenção do padrão.",no,On-Demand Iterative Text Enrichment,Proposed,"Users need to improve text in previously standardized document types by correcting errors and aligning it with technical-legal standards. They must also be able to request context-aware reformulations, summaries, and expansions without changing the context or purpose of the resulting artifact. A fixed, one-way editing process would not accommodate these successive requests.","We will structure text improvement as an automated, user-initiated, iterative enrichment cycle. For each request, the system will transform the supplied text according to the requested improvement and allow further reformulation, summarization, or expansion, while preserving the text’s context and the artifact’s purpose across supported document types.","Users can request improvements as needed and refine the result through successive transformations rather than relying on a single editing pass. Repeated transformations may make it harder to preserve the original context and purpose, particularly across different document types; each iteration must remain aligned with those requirements.",gpt-6-sol,high,resp_04b0573e16383ecc006ac3098ae04c87d1b7f6b8dc65566a73
SYS02,Assistente para geração de documentos licitatórios,SYS02-US02,"Eu como usuário desejo que o sistema melhore os textos informados, corrigindo eventuais erros e ajustando-o à norma técnico-jurídica","[SYS02-US02-AC01] O sistema deverá alterar os textos sem alterar o contexto ou o propósito do artefato produzido | [SYS02-US02-AC02] O sistema deverá aceitar diversos tipos de documentos previamente padronizados | [SYS02-US02-AC03] O sistema deverá permitir que o usuário reformule, resuma ou expanda o conteúdo com contexto;",070,Condition-based-serving pattern,When prediction target varies a lot by condition. When you can conditionally select a model in a rule-based manner.,"Deploy various models and define selection rules for them. Depending on certain attributes of the input data, the most adequate model is used.","Positive: Select an adequate model depending on condition.
Negative: Operational cost raise with number of models.",applicable,SYS02-US02-AC03,"[SYS02-US02-AC03] O sistema deverá permitir que o usuário reformule, resuma ou expanda o conteúdo com contexto;","O critério prevê objetivos distintos para o texto — reformular, resumir ou expandir — conforme a operação solicitada pelo usuário. Essa variação do resultado esperado por condição corresponde à necessidade tratada pelo padrão.",no,Conditional Model Selection for Document Text Improvement,Proposed,"Users need to improve text in standardized procurement documents by correcting errors and aligning it with technical-legal norms. The system must preserve the artifact’s context and purpose while supporting three different requested outcomes: rephrasing, summarizing, and expanding content. The expected result therefore varies with the user’s requested operation.","We will make multiple text-improvement models available and establish rules that select a model according to whether the user requests rephrasing, summarization, or expansion. The selected model will process the text in its document context, with the goal of correcting errors and meeting the applicable technical-legal norm without changing the artifact’s context or purpose.","Selection by requested operation allows the system to direct each text-improvement task to an appropriate model. Operating multiple models increases cost, and the selection rules must be maintained. Model selection alone does not guarantee that an edited text preserves the artifact’s context and purpose.",gpt-6-sol,high,resp_0b29ee4d31e868d0006ac30994bb7087d199865f8d6fdc04ee
SYS02,Assistente para geração de documentos licitatórios,SYS02-US03,Eu como usuário desejo salvar o documento completo,[SYS02-US03-AC01] O sistema deverá compilar todas as partes do documento | [SYS02-US03-AC02] O sistema deverá corrigir eventuais erros gramaticais na versão salva | [SYS02-US03-AC03] O sistema deverá informar quais palavras foram corrigidas,002,Pipes and Filters,A system has to perform a variety of tasks of varying complexity on the data that it processes.,"Data is processed through a series of procedures, which have different inputs at various stages and produce incremental results as the comparison of the query images and input image takes place.","System becomes more flexible; removing, modifying and adding filters is easier than with a monolithic system",applicable,SYS02-US03-AC01;SYS02-US03-AC02;SYS02-US03-AC03,[SYS02-US03-AC01] O sistema deverá compilar todas as partes do documento | [SYS02-US03-AC02] O sistema deverá corrigir eventuais erros gramaticais na versão salva | [SYS02-US03-AC03] O sistema deverá informar quais palavras foram corrigidas,"Os critérios exigem tarefas distintas sobre o documento: compilar suas partes, corrigir a gramática e informar as palavras corrigidas. Esse processamento em etapas, com resultados relacionados, corresponde à necessidade tratada por Pipes and Filters.",yes,Staged Processing for Saving the Complete Document,Proposed,"When a user saves a document, the system must compile all its parts, correct any grammatical errors in the saved version, and inform the user which words were corrected. These distinct tasks must produce a consistent saved document and correction report.","We will process the document through sequential stages that compile its parts, correct grammatical errors while retaining which words changed, and then save the corrected document and report the corrected words to the user.","Separating the tasks makes individual stages easier to modify than a single combined operation. The stages must remain in order, and correction information must be carried forward so the reported words correspond to the saved version.",gpt-6-sol,high,resp_009b9c62116bb6d5006ac309a145b487d18d3c92375a15278b
SYS02,Assistente para geração de documentos licitatórios,SYS02-US03,Eu como usuário desejo salvar o documento completo,[SYS02-US03-AC01] O sistema deverá compilar todas as partes do documento | [SYS02-US03-AC02] O sistema deverá corrigir eventuais erros gramaticais na versão salva | [SYS02-US03-AC03] O sistema deverá informar quais palavras foram corrigidas,045,Builder Pattern,,Separate the construction of a complex object from its representation,,applicable,SYS02-US03-AC01,[SYS02-US03-AC01] O sistema deverá compilar todas as partes do documento,"A exigência de compilar todas as partes em um documento completo evidencia uma construção por partes, necessidade abordada pelo Builder.",no,Separate Document Assembly from the Saved Document,Proposed,"The user needs to save a complete bidding document assembled from all its parts. The saved version must have grammatical errors corrected, and the user must be told which words were corrected. These requirements call for a way to construct the complete document while keeping the reported corrections consistent with the saved version.","We will separate construction of the complete document from its saved representation. The construction process will compile all document parts, produce the grammatically corrected version for saving, and identify the corrected words to report to the user.","The saved document will contain all compiled parts and the grammatical corrections, with the corrected words available to report to the user. Separating construction from the saved representation introduces an assembly step and requires the reported corrections to remain consistent with the version that is saved.",gpt-6-sol,high,resp_0e21d0a010258fde006ac309a9116087d1a29940cb50400dc3
SYS03,Processamento e validação de arquivos enviados para o sistema Comercial da Empresa por meio dos aplicativos integrados para solicitação de serviços,SYS03-US01,"Como sistema IA, quero receber os arquivos do cliente, para que eu possa analisar os documentos enviados e verificar se a documentação pertence ao cliente solicitante.",[SYS03-US01-AC01] O sistema IA deve receber todas as imagens enviadas pelo cliente. | [SYS03-US01-AC02] O sistema IA deve verificar se a foto do documento pertence ao cliente que enviou a foto selfie.,001,Encapsulating ML Models within Rule-based Safeguards,"It is impossible to guarantee the correctness of ML model predictions, so they should not be directly used for safety- or security-related functions. Furthermore, ML models can be unstable and vulnerable to adversarial attacks, data noise, and drift.","Introduce a deterministic, rule-based mechanism that decides what to do with the prediction results, e.g., based on additional quality checks.","Reduced risk for negative impacts of incorrect predictions, but a more complex architecture.",applicable,SYS03-US01-AC02,[SYS03-US01-AC02] O sistema IA deve verificar se a foto do documento pertence ao cliente que enviou a foto selfie.,"The AI system must determine whether the document photo belongs to the customer who submitted the selfie. An incorrect AI judgment could undermine this identity check, making prediction reliability a security concern addressed by the pattern.",no,Rule-Governed Document and Selfie Verification,Proposed,"The AI system must receive all images submitted by the customer and verify whether the document photo belongs to the customer who submitted the selfie. An incorrect AI assessment could undermine this identity check. Because AI predictions cannot be guaranteed correct, the architecture must account for that uncertainty when determining the verification outcome.","We will place deterministic, rule-based safeguards between the AI assessment of the document photo and selfie and the verification outcome. The safeguards will determine how to handle the assessment result, so the AI prediction alone will not decide whether the document photo belongs to the customer.","The safeguards will reduce the risk that an incorrect AI prediction directly produces an incorrect identity-verification outcome, but they will not guarantee correctness. They will also make the verification architecture more complex.",gpt-6-sol,high,resp_055adfe3ae691836006ac309b28d1087d18f9ceadd54cb7858
SYS03,Processamento e validação de arquivos enviados para o sistema Comercial da Empresa por meio dos aplicativos integrados para solicitação de serviços,SYS03-US02,"Como sistema IA, quero alterar o status do atendimento quando confirmar que o documento pertence ao cliente, para que o cliente possa receber a confirmação da validação e a Empresa seguir com o atendimento ao cliente.","[SYS03-US02-AC01] O sistema IA deve se comunicar com o sistema Comercial da empresa e alterar o status do atendimento para PENDENTE DE EXECUÇÃO. | [SYS03-US02-AC02] Com a mudança de status, o sistema Comercial da empresa deve comunicar ao cliente. | [SYS03-US02-AC03] Com a mudança de status, o sistema Comercial da empresa deve seguir com a programação do atendimento.",001,Encapsulating ML Models within Rule-based Safeguards,"It is impossible to guarantee the correctness of ML model predictions, so they should not be directly used for safety- or security-related functions. Furthermore, ML models can be unstable and vulnerable to adversarial attacks, data noise, and drift.","Introduce a deterministic, rule-based mechanism that decides what to do with the prediction results, e.g., based on additional quality checks.","Reduced risk for negative impacts of incorrect predictions, but a more complex architecture.",applicable,SYS03-US02;SYS03-US02-AC01;SYS03-US02-AC03,"[SYS03-US02] Como sistema IA, quero alterar o status do atendimento quando confirmar que o documento pertence ao cliente, para que o cliente possa receber a confirmação da validação e a Empresa seguir com o atendimento ao cliente. | [SYS03-US02-AC01] O sistema IA deve se comunicar com o sistema Comercial da empresa e alterar o status do atendimento para PENDENTE DE EXECUÇÃO. | [SYS03-US02-AC03] Com a mudança de status, o sistema Comercial da empresa deve seguir com a programação do atendimento.","A confirmação pelo sistema IA de que o documento pertence ao cliente determina a mudança de status e a continuidade do atendimento. Como essa decisão automatizada envolve a titularidade do documento e libera etapas posteriores, ela apresenta o risco de validação incorreta que o padrão busca mitigar.",no,Salvaguardas por regras para a alteração do status do atendimento,Proposed,"A confirmação pela IA de que o documento pertence ao cliente desencadeia a alteração do status do atendimento para PENDENTE DE EXECUÇÃO. Essa alteração leva o sistema Comercial a comunicar o cliente e a seguir com a programação do atendimento. Como uma confirmação incorreta pode liberar essas etapas indevidamente, a arquitetura precisa controlar quando o resultado da IA pode produzir a mudança de status.",We will submeter o resultado da confirmação de titularidade feita pela IA a uma decisão determinística baseada em regras antes de solicitar ao sistema Comercial a alteração do status para PENDENTE DE EXECUÇÃO. Somente um resultado autorizado por essas regras poderá desencadear a mudança de status; um resultado não autorizado não a desencadeará.,"A decisão reduz o risco de que uma confirmação incorreta da IA provoque a comunicação ao cliente e a programação do atendimento. A comunicação e a programação permanecem vinculadas à mudança de status no sistema Comercial. Em contrapartida, a verificação por regras acrescenta complexidade à arquitetura e não elimina a possibilidade de erros na confirmação.",gpt-6-sol,high,resp_07933107bfec018d006ac309b9f66487d1a3f51312ce9478f9
SYS03,Processamento e validação de arquivos enviados para o sistema Comercial da Empresa por meio dos aplicativos integrados para solicitação de serviços,SYS03-US02,"Como sistema IA, quero alterar o status do atendimento quando confirmar que o documento pertence ao cliente, para que o cliente possa receber a confirmação da validação e a Empresa seguir com o atendimento ao cliente.","[SYS03-US02-AC01] O sistema IA deve se comunicar com o sistema Comercial da empresa e alterar o status do atendimento para PENDENTE DE EXECUÇÃO. | [SYS03-US02-AC02] Com a mudança de status, o sistema Comercial da empresa deve comunicar ao cliente. | [SYS03-US02-AC03] Com a mudança de status, o sistema Comercial da empresa deve seguir com a programação do atendimento.",003,Client-Server,A number of users/applications requires data from an application.,"One component has a role of server and at least one component has the role of client, initiating connections in order to obtain some service.","The data, as well as the network peripherals, are centrally controlled. A disadvantage, however, is that the server is expensive to purchase and manage.",applicable,SYS03-US02-AC01;SYS03-US02-AC02;SYS03-US02-AC03,"[SYS03-US02-AC01] O sistema IA deve se comunicar com o sistema Comercial da empresa e alterar o status do atendimento para PENDENTE DE EXECUÇÃO. | [SYS03-US02-AC02] Com a mudança de status, o sistema Comercial da empresa deve comunicar ao cliente. | [SYS03-US02-AC03] Com a mudança de status, o sistema Comercial da empresa deve seguir com a programação do atendimento.","O sistema IA precisa se comunicar com o sistema Comercial para alterar o status do atendimento; a partir dessa alteração, o sistema Comercial comunica o cliente e dá continuidade à programação. Isso evidencia a interação entre um sistema que solicita uma operação e outro que a realiza e mantém o atendimento.",no,Commercial System as Service Provider for Status Updates,Proposed,"After confirming that a document belongs to the customer, the AI system must change the service request status to PENDENTE DE EXECUÇÃO. That change must allow the Commercial system to notify the customer and continue scheduling the service. The architecture must define how the AI system requests the change while the Commercial system maintains the service request.","We will have the AI system act as a client that requests a status change from the Commercial system. After confirming that the document belongs to the customer, the AI system will request that the Commercial system set the service request status to PENDENTE DE EXECUÇÃO. The Commercial system will perform the change, notify the customer, and continue scheduling the service.","Service request status and the actions that follow its change remain centrally controlled by the Commercial system. The AI system depends on that system to complete the status change, and maintaining this central service carries an operational cost.",gpt-6-sol,high,resp_03c895af66e108b6006ac309c24f5087d1b055864a4ad227a7
SYS03,Processamento e validação de arquivos enviados para o sistema Comercial da Empresa por meio dos aplicativos integrados para solicitação de serviços,SYS03-US02,"Como sistema IA, quero alterar o status do atendimento quando confirmar que o documento pertence ao cliente, para que o cliente possa receber a confirmação da validação e a Empresa seguir com o atendimento ao cliente.","[SYS03-US02-AC01] O sistema IA deve se comunicar com o sistema Comercial da empresa e alterar o status do atendimento para PENDENTE DE EXECUÇÃO. | [SYS03-US02-AC02] Com a mudança de status, o sistema Comercial da empresa deve comunicar ao cliente. | [SYS03-US02-AC03] Com a mudança de status, o sistema Comercial da empresa deve seguir com a programação do atendimento.",014,"Distinguish Business Logic from
ML Model","Machine Learning (ML) systems are complex because their ML components must be (re)trained regularly and have an intrinsic non-deterministic behavior. Similar to other systems, the business requirements for these systems as well as ML algorithms change over time.","Define clear APIs between traditional and
ML components. Place business and ML components with different responsibilities into three layers. Divide data flows into three.",Decoupling “traditional” business and ML components allows the ML components to be monitored and adjusted to meet users’ requirements and changing inputs.,applicable,SYS03-US02;SYS03-US02-AC01;SYS03-US02-AC02;SYS03-US02-AC03,"[SYS03-US02] Como sistema IA, quero alterar o status do atendimento quando confirmar que o documento pertence ao cliente, para que o cliente possa receber a confirmação da validação e a Empresa seguir com o atendimento ao cliente. | [SYS03-US02-AC01] O sistema IA deve se comunicar com o sistema Comercial da empresa e alterar o status do atendimento para PENDENTE DE EXECUÇÃO. | [SYS03-US02-AC02] Com a mudança de status, o sistema Comercial da empresa deve comunicar ao cliente. | [SYS03-US02-AC03] Com a mudança de status, o sistema Comercial da empresa deve seguir com a programação do atendimento.","A confirmação do documento pelo sistema IA desencadeia atividades de negócio distintas: a alteração do status no sistema Comercial, a comunicação ao cliente e a programação do atendimento. Essa divisão de responsabilidades entre a validação por IA e o fluxo comercial corresponde à necessidade de distinguir componentes de IA da lógica de negócio.",no,Separate Document Validation from the Commercial Workflow,Proposed,"When the AI system confirms that a document belongs to the customer, it must change the service status in the Commercial system to PENDENTE DE EXECUÇÃO. That status change enables the Commercial system to notify the customer and proceed with scheduling. The architecture needs to distinguish the AI validation responsibility from these subsequent business activities.","We will separate AI-based document validation from the Commercial system’s business workflow through a clear interface. After confirming that the document belongs to the customer, the AI system will communicate with the Commercial system to change the service status to PENDENTE DE EXECUÇÃO. The Commercial system will then handle customer notification and scheduling based on that status change.","The separation will allow AI validation to be adjusted without coupling it to customer notification or scheduling. The Commercial system will retain responsibility for those business activities. The workflow will depend on the confirmed validation being communicated and the status change succeeding, so the interface between the systems will need to be maintained.",gpt-6-sol,high,resp_083d173a756371ce006ac309c98f7087d1bada871be3d90131
SYS03,Processamento e validação de arquivos enviados para o sistema Comercial da Empresa por meio dos aplicativos integrados para solicitação de serviços,SYS03-US02,"Como sistema IA, quero alterar o status do atendimento quando confirmar que o documento pertence ao cliente, para que o cliente possa receber a confirmação da validação e a Empresa seguir com o atendimento ao cliente.","[SYS03-US02-AC01] O sistema IA deve se comunicar com o sistema Comercial da empresa e alterar o status do atendimento para PENDENTE DE EXECUÇÃO. | [SYS03-US02-AC02] Com a mudança de status, o sistema Comercial da empresa deve comunicar ao cliente. | [SYS03-US02-AC03] Com a mudança de status, o sistema Comercial da empresa deve seguir com a programação do atendimento.",044,State Pattern,,Allow an object to alter its behavior when its internal state changes,,applicable,SYS03-US02-AC01;SYS03-US02-AC02;SYS03-US02-AC03,"[SYS03-US02-AC01] O sistema IA deve se comunicar com o sistema Comercial da empresa e alterar o status do atendimento para PENDENTE DE EXECUÇÃO. | [SYS03-US02-AC02] Com a mudança de status, o sistema Comercial da empresa deve comunicar ao cliente. | [SYS03-US02-AC03] Com a mudança de status, o sistema Comercial da empresa deve seguir com a programação do atendimento.",A alteração do status do atendimento para PENDENTE DE EXECUÇÃO determina as ações seguintes do sistema Comercial: comunicar o cliente e prosseguir com a programação. Isso evidencia comportamento associado à mudança de estado.,no,State-Driven Service Request Progression,Proposed,"When the AI system confirms that a document belongs to the customer, it must change the service request’s status in the company’s Commercial system to PENDENTE DE EXECUÇÃO. That change must lead the Commercial system to notify the customer and proceed with scheduling the service. The architecture needs to associate those actions with the request’s status.","We will make the Commercial system’s handling of a service request depend on its state. After confirming that the document belongs to the customer, the AI system will communicate with the Commercial system to change the request’s status to PENDENTE DE EXECUÇÃO. In that state, the Commercial system will notify the customer and proceed with scheduling the service.",Customer notification and scheduling will follow the confirmed status change rather than occur independently of it. These actions will depend on the AI system successfully communicating the change and on the Commercial system maintaining the behavior associated with PENDENTE DE EXECUÇÃO.,gpt-6-sol,high,resp_0c9b2c23953fcd41006ac309d2f18887d1a48554d3e90f33db
SYS03,Processamento e validação de arquivos enviados para o sistema Comercial da Empresa por meio dos aplicativos integrados para solicitação de serviços,SYS03-US02,"Como sistema IA, quero alterar o status do atendimento quando confirmar que o documento pertence ao cliente, para que o cliente possa receber a confirmação da validação e a Empresa seguir com o atendimento ao cliente.","[SYS03-US02-AC01] O sistema IA deve se comunicar com o sistema Comercial da empresa e alterar o status do atendimento para PENDENTE DE EXECUÇÃO. | [SYS03-US02-AC02] Com a mudança de status, o sistema Comercial da empresa deve comunicar ao cliente. | [SYS03-US02-AC03] Com a mudança de status, o sistema Comercial da empresa deve seguir com a programação do atendimento.",050,Synchronous pattern,"When in your business logic, the model inference is a blocker to proceed to the next step",blocks the system's workflow until the prediction finishes,"Easy to manage with its simplicity. All operational aspects like transaction tracing, monitoring etc become easy as well. Service workflow becomes simple for the process won't proceed until the prediction completes.
But: (1) The prediction latency can become a performance bottleneck.
(2) You might have to consider a workaround for not degrading your user experience because of prediction latency. (3) If the client of your service is another service then this pattern leads to blocked threads on the client side.",applicable,SYS03-US02;SYS03-US02-AC01;SYS03-US02-AC02;SYS03-US02-AC03,"[SYS03-US02] Como sistema IA, quero alterar o status do atendimento quando confirmar que o documento pertence ao cliente, para que o cliente possa receber a confirmação da validação e a Empresa seguir com o atendimento ao cliente. | [SYS03-US02-AC01] O sistema IA deve se comunicar com o sistema Comercial da empresa e alterar o status do atendimento para PENDENTE DE EXECUÇÃO. | [SYS03-US02-AC02] Com a mudança de status, o sistema Comercial da empresa deve comunicar ao cliente. | [SYS03-US02-AC03] Com a mudança de status, o sistema Comercial da empresa deve seguir com a programação do atendimento.","A história condiciona a alteração do status à confirmação, pelo sistema IA, de que o documento pertence ao cliente. Os critérios vinculam a comunicação ao cliente e a programação do atendimento à mudança de status. Assim, o resultado da validação é necessário antes que o fluxo avance.",no,Synchronous Document Validation Before Status Change,Proposed,"The AI system must confirm that a document belongs to the customer before changing the service request status. The Commercial system’s customer notification and service scheduling depend on that status change, so the workflow must not advance before validation is complete.","We will hold the service request workflow until the AI system completes document validation. When validation confirms that the document belongs to the customer, the AI system will communicate with the Commercial system to change the status to PENDENTE DE EXECUÇÃO, allowing the Commercial system to notify the customer and proceed with scheduling.","The workflow will preserve the required order between validation, status change, notification, and scheduling. This sequence is straightforward to follow, but validation latency can delay the status change and all subsequent steps.",gpt-6-sol,high,resp_001d501872bde7ad006ac309dae06087d1b2e7611d24712882
SYS03,Processamento e validação de arquivos enviados para o sistema Comercial da Empresa por meio dos aplicativos integrados para solicitação de serviços,SYS03-US03,"Como sistema IA, quero baixar o serviço como improcedente quando confirmar que o documento não pertence ao cliente, para que o cliente possa receber uma notificação da Empresa informando que não foi possível confirmar o cliente.","[SYS03-US03-AC01] O sistema IA deve baixar o serviço no sistema Comercial da empresa como improcedente e preencher o motivo da improcedência para ser informado ao cliente. | [SYS03-US03-AC02] Com a baixa do serviço, o sistema Comercial da empresa deve notificar o cliente.",003,Client-Server,A number of users/applications requires data from an application.,"One component has a role of server and at least one component has the role of client, initiating connections in order to obtain some service.","The data, as well as the network peripherals, are centrally controlled. A disadvantage, however, is that the server is expensive to purchase and manage.",applicable,SYS03-US03-AC01;SYS03-US03-AC02,"[SYS03-US03-AC01] O sistema IA deve baixar o serviço no sistema Comercial da empresa como improcedente e preencher o motivo da improcedência para ser informado ao cliente. | [SYS03-US03-AC02] Com a baixa do serviço, o sistema Comercial da empresa deve notificar o cliente.","O sistema IA precisa registrar a baixa e seu motivo no sistema Comercial, que mantém o serviço e é responsável por notificar o cliente. Isso evidencia uma aplicação utilizando uma função de outra aplicação, relação atendida pelo padrão Client-Server.",no,Commercial System as Server for Service Closure,Proposed,"When the AI system confirms that a submitted document does not belong to the customer, it must mark the service as improcedente and record the reason in the company's Commercial system. The Commercial system must then notify the customer. The architecture needs to define how the AI system requests this update while leaving notification with the Commercial system.","We will make the AI system a client of the Commercial system, which will serve requests to update services. When the AI system confirms that a document does not belong to the customer, it will request that the Commercial system mark the service as improcedente and record the reason. The Commercial system will notify the customer when the service is closed.","Service closure and its reason will be recorded in the Commercial system, which remains responsible for notifying the customer. This centralizes control of the service record but makes completion of the update dependent on the Commercial system being available and maintained.",gpt-6-sol,high,resp_06da5f90807f7d6c006ac309e3fa0087d181c4d0a15ba7ed58
SYS03,Processamento e validação de arquivos enviados para o sistema Comercial da Empresa por meio dos aplicativos integrados para solicitação de serviços,SYS03-US03,"Como sistema IA, quero baixar o serviço como improcedente quando confirmar que o documento não pertence ao cliente, para que o cliente possa receber uma notificação da Empresa informando que não foi possível confirmar o cliente.","[SYS03-US03-AC01] O sistema IA deve baixar o serviço no sistema Comercial da empresa como improcedente e preencher o motivo da improcedência para ser informado ao cliente. | [SYS03-US03-AC02] Com a baixa do serviço, o sistema Comercial da empresa deve notificar o cliente.",050,Synchronous pattern,"When in your business logic, the model inference is a blocker to proceed to the next step",blocks the system's workflow until the prediction finishes,"Easy to manage with its simplicity. All operational aspects like transaction tracing, monitoring etc become easy as well. Service workflow becomes simple for the process won't proceed until the prediction completes.
But: (1) The prediction latency can become a performance bottleneck.
(2) You might have to consider a workaround for not degrading your user experience because of prediction latency. (3) If the client of your service is another service then this pattern leads to blocked threads on the client side.",applicable,SYS03-US03;SYS03-US03-AC01,"[SYS03-US03] Como sistema IA, quero baixar o serviço como improcedente quando confirmar que o documento não pertence ao cliente, para que o cliente possa receber uma notificação da Empresa informando que não foi possível confirmar o cliente. | [SYS03-US03-AC01] O sistema IA deve baixar o serviço no sistema Comercial da empresa como improcedente e preencher o motivo da improcedência para ser informado ao cliente.","A baixa do serviço como improcedente depende de a IA confirmar que o documento não pertence ao cliente. Essa confirmação é uma condição para prosseguir com a atualização do serviço, alinhando-se à necessidade de aguardar o resultado da avaliação antes da próxima etapa.",no,Synchronous Document Verification Before Service Closure,Proposed,"The AI system processes documents submitted through integrated service-request applications. It must mark a service as improcedente in the company's Commercial system, with a reason, when it confirms that the document does not belong to the customer. The Commercial system then notifies the customer. The service update therefore depends on the outcome of the document check.","We will wait for the AI document check to finish before proceeding with the service update. If the check confirms that the document does not belong to the customer, we will mark the service as improcedente in the Commercial system and record the reason, allowing the Commercial system to notify the customer after the service is closed.","The service workflow will have a clear sequence: document check, conditional service closure, then notification. This makes the workflow simpler to follow and trace. The wait for the AI result may delay service closure and the subsequent notification if the check takes a long time.",gpt-6-sol,high,resp_0c9771021028a833006ac309ed388c87d1bcc9a8f6bde6ac33
SYS04,"Reproduzir digitalmente a estrutura física, os sensores, os equipamentos e o ambiente de automação da ETA, permitindo executar testes, simular condições operacionais e avaliar estratégias de controle sem interferir na operação real.",SYS04-US02,"Como desenvolvedor de automação, quero que o simulador disponibilize variáveis e receba comandos por meio dos protocolos definidos no projeto, para testar a integração com CLP, supervisório e aplicações externas.",[SYS04-US02-AC01] O sistema deve disponibilizar as variáveis simuladas por OPC UA. | [SYS04-US02-AC02] As tags devem seguir a nomenclatura e os tipos de dados definidos para a ETA. | [SYS04-US02-AC03] O sistema deve receber comandos permitidos e refletir seus efeitos na simulação. | [SYS04-US02-AC04] A perda e o restabelecimento da comunicação devem poder ser testados.,003,Client-Server,A number of users/applications requires data from an application.,"One component has a role of server and at least one component has the role of client, initiating connections in order to obtain some service.","The data, as well as the network peripherals, are centrally controlled. A disadvantage, however, is that the server is expensive to purchase and manage.",applicable,SYS04-US02;SYS04-US02-AC01;SYS04-US02-AC03,"[SYS04-US02] Como desenvolvedor de automação, quero que o simulador disponibilize variáveis e receba comandos por meio dos protocolos definidos no projeto, para testar a integração com CLP, supervisório e aplicações externas. | [SYS04-US02-AC01] O sistema deve disponibilizar as variáveis simuladas por OPC UA. | [SYS04-US02-AC03] O sistema deve receber comandos permitidos e refletir seus efeitos na simulação.","A história exige que o simulador forneça variáveis e receba comandos para integração com CLP, supervisório e aplicações externas. Os critérios confirmam a disponibilização de dados e o recebimento de comandos, caracterizando uma interface de serviços acessada por outras aplicações, necessidade atendida pelo padrão Client-Server.",no,Interface Cliente-Servidor para Integração do Simulador,Proposed,"O desenvolvedor de automação precisa testar a integração do simulador com CLP, supervisório e aplicações externas. Para isso, essas aplicações precisam acessar variáveis simuladas por OPC UA, com a nomenclatura e os tipos de dados definidos para a ETA, e enviar comandos permitidos cujos efeitos apareçam na simulação. Também deve ser possível testar a perda e o restabelecimento da comunicação.","We will establish the simulator as the server for these integration services, with the CLP, supervisory system, and external applications initiating connections as clients. O simulador disponibilizará as variáveis simuladas por OPC UA conforme a nomenclatura e os tipos de dados definidos para a ETA, receberá comandos permitidos e refletirá seus efeitos na simulação. As conexões com os clientes permitirão testar a perda e o restabelecimento da comunicação.","A disponibilização das variáveis e o recebimento de comandos ficarão concentrados no simulador, oferecendo aos clientes uma interface comum para os testes de integração. Essa concentração também torna a comunicação dos clientes dependente da disponibilidade do servidor e exige esforço para mantê-lo e gerenciá-lo. A perda dessa comunicação interromperá as trocas com os clientes até seu restabelecimento, comportamento que poderá ser testado.",gpt-6-sol,high,resp_09e59ec9d7de652f006ac309f43e4887d1bb3ac32f0e36bab8
SYS04,"Reproduzir digitalmente a estrutura física, os sensores, os equipamentos e o ambiente de automação da ETA, permitindo executar testes, simular condições operacionais e avaliar estratégias de controle sem interferir na operação real.",SYS04-US02,"Como desenvolvedor de automação, quero que o simulador disponibilize variáveis e receba comandos por meio dos protocolos definidos no projeto, para testar a integração com CLP, supervisório e aplicações externas.",[SYS04-US02-AC01] O sistema deve disponibilizar as variáveis simuladas por OPC UA. | [SYS04-US02-AC02] As tags devem seguir a nomenclatura e os tipos de dados definidos para a ETA. | [SYS04-US02-AC03] O sistema deve receber comandos permitidos e refletir seus efeitos na simulação. | [SYS04-US02-AC04] A perda e o restabelecimento da comunicação devem poder ser testados.,028,End-To-End Tests,A faulty ML model or pipeline shouldn’t be allowed to be released and produce poor results in the app.,"Manual smoke testing is always useful, and keeping the tests fresh and up-to-date with new features, use cases and data is an ongoing task. ML model predictions are no different. If a part of the app is served by an ML model recommendation, identify the assertions that can be made",,applicable,SYS04-US02;SYS04-US02-AC03;SYS04-US02-AC04,"[SYS04-US02] Como desenvolvedor de automação, quero que o simulador disponibilize variáveis e receba comandos por meio dos protocolos definidos no projeto, para testar a integração com CLP, supervisório e aplicações externas. | [SYS04-US02-AC03] O sistema deve receber comandos permitidos e refletir seus efeitos na simulação. | [SYS04-US02-AC04] A perda e o restabelecimento da comunicação devem poder ser testados.","A história exige testar a integração do simulador com CLP, supervisório e aplicações externas. Verificar comandos e seus efeitos na simulação, além da perda e do restabelecimento da comunicação, envolve o comportamento integrado que testes end-to-end avaliam.",no,End-to-End Simulator Integration Tests,Proposed,"Automation developers need to test the simulator’s integration with the PLC, supervisory system, and external applications. This requires checking that simulated variables are available through OPC UA with the ETA-defined tag names and data types, that permitted commands affect the simulation, and that communication loss and restoration can be tested.","We will establish end-to-end tests of the simulator’s integration interfaces. These tests will verify the OPC UA variables and their tag names and data types, exercise permitted commands and observe their effects in the simulation, and cover communication loss and restoration.","The tests will provide a way to detect integration discrepancies across the behaviors developers need to evaluate. They will also require ongoing maintenance as the defined tags, commands, or integration behavior change.",gpt-6-sol,high,resp_08b1a0e7a4144618006ac309fd98dc87d1ad8271b8468c3ba1
SYS04,"Reproduzir digitalmente a estrutura física, os sensores, os equipamentos e o ambiente de automação da ETA, permitindo executar testes, simular condições operacionais e avaliar estratégias de controle sem interferir na operação real.",SYS04-US03,"Como cientista de dados ou engenheiro de controle, quero conectar modelos de controle e inteligência artificial ao gêmeo digital, para avaliar suas recomendações antes da aplicação na ETA real.","[SYS04-US03-AC01] O sistema deve fornecer aos modelos as mesmas variáveis previstas para o ambiente real. | [SYS04-US03-AC02] Os comandos ou recomendações dos modelos devem ser aplicados somente ao ambiente simulado. | [SYS04-US03-AC03] O sistema deve registrar entradas, saídas e resultados de cada execução. | [SYS04-US03-AC04] Deve ser possível comparar diferentes modelos utilizando o mesmo cenário.",001,Encapsulating ML Models within Rule-based Safeguards,"It is impossible to guarantee the correctness of ML model predictions, so they should not be directly used for safety- or security-related functions. Furthermore, ML models can be unstable and vulnerable to adversarial attacks, data noise, and drift.","Introduce a deterministic, rule-based mechanism that decides what to do with the prediction results, e.g., based on additional quality checks.","Reduced risk for negative impacts of incorrect predictions, but a more complex architecture.",applicable,SYS04-US03;SYS04-US03-AC02,"[SYS04-US03] Como cientista de dados ou engenheiro de controle, quero conectar modelos de controle e inteligência artificial ao gêmeo digital, para avaliar suas recomendações antes da aplicação na ETA real. | [SYS04-US03-AC02] Os comandos ou recomendações dos modelos devem ser aplicados somente ao ambiente simulado.","A história exige avaliar recomendações dos modelos antes de sua aplicação na ETA real, e o critério limita sua aplicação ao ambiente simulado. Essa restrição evidencia a necessidade de proteger a operação real dos efeitos diretos das saídas dos modelos.",no,Rule-Based Safeguards for Model Evaluation,Proposed,"Data scientists and control engineers need to evaluate control and AI model recommendations in the digital twin before applying them to the real ETA. Models must receive the variables expected in the real environment, but their commands and recommendations may be applied only in simulation. Each execution must be recorded, and different models must be comparable under the same scenario. Because model outputs cannot be assumed to be correct, the architecture needs to preserve the boundary between evaluation and real operation.","We will place a deterministic, rule-based safeguard between connected models and the application of their commands or recommendations. The safeguard will permit those outputs to affect only the simulated environment and prevent their application to the real ETA. Guarded evaluations will provide models with the variables expected in the real environment and record each execution's inputs, outputs, and results so that different models can be compared under the same scenario.","Model outputs can be evaluated without directly affecting the real ETA, reducing the risk from incorrect recommendations. Recorded executions and shared scenarios support model comparison. The safeguard adds architectural complexity, and its rules must remain consistent with the simulation-only boundary.",gpt-6-sol,high,resp_05150349bc8cf93d006ac30a06accc87d18b8c67b9db68f382
SYS04,"Reproduzir digitalmente a estrutura física, os sensores, os equipamentos e o ambiente de automação da ETA, permitindo executar testes, simular condições operacionais e avaliar estratégias de controle sem interferir na operação real.",SYS04-US03,"Como cientista de dados ou engenheiro de controle, quero conectar modelos de controle e inteligência artificial ao gêmeo digital, para avaliar suas recomendações antes da aplicação na ETA real.","[SYS04-US03-AC01] O sistema deve fornecer aos modelos as mesmas variáveis previstas para o ambiente real. | [SYS04-US03-AC02] Os comandos ou recomendações dos modelos devem ser aplicados somente ao ambiente simulado. | [SYS04-US03-AC03] O sistema deve registrar entradas, saídas e resultados de cada execução. | [SYS04-US03-AC04] Deve ser possível comparar diferentes modelos utilizando o mesmo cenário.",003,Client-Server,A number of users/applications requires data from an application.,"One component has a role of server and at least one component has the role of client, initiating connections in order to obtain some service.","The data, as well as the network peripherals, are centrally controlled. A disadvantage, however, is that the server is expensive to purchase and manage.",applicable,SYS04-US03;SYS04-US03-AC01;SYS04-US03-AC04,"[SYS04-US03] Como cientista de dados ou engenheiro de controle, quero conectar modelos de controle e inteligência artificial ao gêmeo digital, para avaliar suas recomendações antes da aplicação na ETA real. | [SYS04-US03-AC01] O sistema deve fornecer aos modelos as mesmas variáveis previstas para o ambiente real. | [SYS04-US03-AC04] Deve ser possível comparar diferentes modelos utilizando o mesmo cenário.","A história prevê conectar modelos ao gêmeo digital, e os critérios exigem fornecer-lhes variáveis e permitir comparar diferentes modelos no mesmo cenário. Isso evidencia múltiplos consumidores de dados de uma mesma aplicação, necessidade abordada pelo padrão Client-Server.",no,Digital Twin as a Simulation Server,Proposed,"Control and AI models need to connect to the digital twin to evaluate their recommendations before application at the real water treatment plant. Each model needs the variables expected in the real environment, while its commands or recommendations must affect only the simulation. Evaluations must record inputs, outputs, and results and allow different models to be compared under the same scenario.","We will make the digital twin the server for model evaluations, with connected models acting as clients that request the expected variables and submit commands or recommendations for simulation. The server will apply those commands or recommendations only in the simulated environment, record the inputs, outputs, and results of each execution, and provide the same scenario for comparisons between models.","Centralizing simulation data and execution gives connected models a consistent basis for comparison and keeps their evaluations separate from the real plant. It also places responsibility for serving models, running evaluations, and maintaining execution records on the digital twin server, which will require management resources.",gpt-6-sol,high,resp_091063d49f6842bd006ac30cec3c3087d1babd35daa417b365
SYS04,"Reproduzir digitalmente a estrutura física, os sensores, os equipamentos e o ambiente de automação da ETA, permitindo executar testes, simular condições operacionais e avaliar estratégias de controle sem interferir na operação real.",SYS04-US03,"Como cientista de dados ou engenheiro de controle, quero conectar modelos de controle e inteligência artificial ao gêmeo digital, para avaliar suas recomendações antes da aplicação na ETA real.","[SYS04-US03-AC01] O sistema deve fornecer aos modelos as mesmas variáveis previstas para o ambiente real. | [SYS04-US03-AC02] Os comandos ou recomendações dos modelos devem ser aplicados somente ao ambiente simulado. | [SYS04-US03-AC03] O sistema deve registrar entradas, saídas e resultados de cada execução. | [SYS04-US03-AC04] Deve ser possível comparar diferentes modelos utilizando o mesmo cenário.",014,"Distinguish Business Logic from
ML Model","Machine Learning (ML) systems are complex because their ML components must be (re)trained regularly and have an intrinsic non-deterministic behavior. Similar to other systems, the business requirements for these systems as well as ML algorithms change over time.","Define clear APIs between traditional and
ML components. Place business and ML components with different responsibilities into three layers. Divide data flows into three.",Decoupling “traditional” business and ML components allows the ML components to be monitored and adjusted to meet users’ requirements and changing inputs.,applicable,SYS04-US03;SYS04-US03-AC04,"[SYS04-US03] Como cientista de dados ou engenheiro de controle, quero conectar modelos de controle e inteligência artificial ao gêmeo digital, para avaliar suas recomendações antes da aplicação na ETA real. | [SYS04-US03-AC04] Deve ser possível comparar diferentes modelos utilizando o mesmo cenário.",A necessidade de conectar modelos de IA ao gêmeo digital e comparar diferentes modelos no mesmo cenário evidencia a distinção entre os modelos e as funções de simulação e avaliação do sistema. Essa separação corresponde ao propósito do padrão.,no,Separate Models from Digital Twin Simulation and Evaluation,Proposed,"Data scientists and control engineers need to connect control and AI models to the digital twin to assess their recommendations before applying them in the real ETA. Models must receive the variables planned for the real environment, while their commands or recommendations must affect only the simulation. Each execution must be recorded, and different models must be comparable under the same scenario. These needs call for a clear boundary between model behavior and the twin’s simulation and evaluation functions.","We will separate simulation, connected models, and execution evaluation into three layers with explicit interfaces between the models and the other functions. The simulation layer will supply the required variables and apply model commands or recommendations only in the simulated environment. The evaluation layer will record each execution’s inputs, outputs, and results and support comparison of different models using the same scenario. Data will flow separately from the simulation to the models as inputs, from the models to the simulation as commands or recommendations, and from executions to evaluation as recorded results.",Models can be changed and compared without combining their behavior with the twin’s simulation and evaluation responsibilities. Recorded executions will make their recommendations and results available for assessment before use in the real ETA. The separation also requires maintaining the interfaces and coordinating the three data flows so that models receive consistent variables and comparisons use the same scenario.,gpt-6-sol,high,resp_05f53a4912dc9003006ac30cf668cc87d1986e9d538e8006a7
SYS04,"Reproduzir digitalmente a estrutura física, os sensores, os equipamentos e o ambiente de automação da ETA, permitindo executar testes, simular condições operacionais e avaliar estratégias de controle sem interferir na operação real.",SYS04-US03,"Como cientista de dados ou engenheiro de controle, quero conectar modelos de controle e inteligência artificial ao gêmeo digital, para avaliar suas recomendações antes da aplicação na ETA real.","[SYS04-US03-AC01] O sistema deve fornecer aos modelos as mesmas variáveis previstas para o ambiente real. | [SYS04-US03-AC02] Os comandos ou recomendações dos modelos devem ser aplicados somente ao ambiente simulado. | [SYS04-US03-AC03] O sistema deve registrar entradas, saídas e resultados de cada execução. | [SYS04-US03-AC04] Deve ser possível comparar diferentes modelos utilizando o mesmo cenário.",015,Delegation of Safety Responsibility,"Recent developments in ML and DL allowed probabilistic systems with large input and output spaces to be explored in safety critical systems. This introduces safety-related challenges, such as: (1) Model complexity and opacity, (2) Dealing with probabilistic output, (3) Sensitivity to distribution shifts (4) Formal verification is impossible or not scalable and more. This safety responsibility has to be dealt with.",Delegate all safety responsibility to other components or wrap DL algorithms in safety envelopes.,Increased Safety while putting limited constraints on the DL component. But increased complexity.,applicable,SYS04-US03;SYS04-US03-AC02,"[SYS04-US03] Como cientista de dados ou engenheiro de controle, quero conectar modelos de controle e inteligência artificial ao gêmeo digital, para avaliar suas recomendações antes da aplicação na ETA real. | [SYS04-US03-AC02] Os comandos ou recomendações dos modelos devem ser aplicados somente ao ambiente simulado.","A necessidade de avaliar recomendações de modelos antes de aplicá-las à ETA real, junto à exigência de que seus comandos atuem somente no ambiente simulado, evidencia uma proteção que não depende da segurança dos próprios modelos. Isso corresponde à intenção do padrão de limitar externamente os efeitos desses modelos.",no,Simulation-Only Boundary for Model Outputs,Proposed,"Data scientists and control engineers need to evaluate recommendations from control and AI models in the digital twin before applying them to the real ETA. Models must receive the variables expected in the real environment, but their commands or recommendations must affect only the simulation. Each execution must also be recorded so different models can be compared using the same scenario.","We will establish a boundary around connected models that makes the digital twin, rather than the models, responsible for limiting their effects to the simulated environment. The boundary will provide the expected variables to the models, apply their commands or recommendations only in the simulation, and record each execution's inputs, outputs, and results for comparison under the same scenario.","Models can be evaluated without their outputs affecting the real ETA, and recorded executions will support comparisons under a common scenario. The boundary adds architectural complexity and must be maintained as models are connected. Results obtained in simulation do not, by themselves, establish that a recommendation is safe to apply to the real ETA.",gpt-6-sol,high,resp_06745be229fccaab006ac30d00ee4487d189b10e5c862f9bb3
SYS04,"Reproduzir digitalmente a estrutura física, os sensores, os equipamentos e o ambiente de automação da ETA, permitindo executar testes, simular condições operacionais e avaliar estratégias de controle sem interferir na operação real.",SYS04-US03,"Como cientista de dados ou engenheiro de controle, quero conectar modelos de controle e inteligência artificial ao gêmeo digital, para avaliar suas recomendações antes da aplicação na ETA real.","[SYS04-US03-AC01] O sistema deve fornecer aos modelos as mesmas variáveis previstas para o ambiente real. | [SYS04-US03-AC02] Os comandos ou recomendações dos modelos devem ser aplicados somente ao ambiente simulado. | [SYS04-US03-AC03] O sistema deve registrar entradas, saídas e resultados de cada execução. | [SYS04-US03-AC04] Deve ser possível comparar diferentes modelos utilizando o mesmo cenário.",028,End-To-End Tests,A faulty ML model or pipeline shouldn’t be allowed to be released and produce poor results in the app.,"Manual smoke testing is always useful, and keeping the tests fresh and up-to-date with new features, use cases and data is an ongoing task. ML model predictions are no different. If a part of the app is served by an ML model recommendation, identify the assertions that can be made",,applicable,SYS04-US03;SYS04-US03-AC01;SYS04-US03-AC02;SYS04-US03-AC03,"[SYS04-US03] Como cientista de dados ou engenheiro de controle, quero conectar modelos de controle e inteligência artificial ao gêmeo digital, para avaliar suas recomendações antes da aplicação na ETA real. | [SYS04-US03-AC01] O sistema deve fornecer aos modelos as mesmas variáveis previstas para o ambiente real. | [SYS04-US03-AC02] Os comandos ou recomendações dos modelos devem ser aplicados somente ao ambiente simulado. | [SYS04-US03-AC03] O sistema deve registrar entradas, saídas e resultados de cada execução.","A história exige avaliar recomendações de modelos antes de sua aplicação à ETA real. O uso das variáveis previstas para o ambiente real, a aplicação das recomendações apenas na simulação e o registro dos resultados sustentam a verificação do comportamento dos modelos no fluxo completo, preocupação central de End-To-End Tests.",no,End-to-End Model Evaluation in the Digital Twin,Proposed,"Data scientists and control engineers need to evaluate control and AI model recommendations in the digital twin before applying them to the real ETA. The models must receive the variables expected in the real environment, while their commands or recommendations affect only the simulation. Each execution must be recorded, and different models must be comparable under the same scenario.","We will evaluate connected models through end-to-end test runs in the digital twin. Each run will supply the expected variables, apply model commands or recommendations only in the simulated environment, and record inputs, outputs, and results. We will use assertions about the observed behavior and run different models against the same scenario for comparison.","The test runs will make model behavior observable and comparable before recommendations are considered for the real ETA. Keeping the assertions and test scenarios relevant as models and use cases change will require ongoing effort. Passing a simulated test will show how a model behaved in that scenario, not guarantee its behavior in the real ETA.",gpt-6-sol,high,resp_096b4f9c45dbdb0f006ac30d0a93d087d1a83a7d6b24d49309
SYS04,"Reproduzir digitalmente a estrutura física, os sensores, os equipamentos e o ambiente de automação da ETA, permitindo executar testes, simular condições operacionais e avaliar estratégias de controle sem interferir na operação real.",SYS04-US03,"Como cientista de dados ou engenheiro de controle, quero conectar modelos de controle e inteligência artificial ao gêmeo digital, para avaliar suas recomendações antes da aplicação na ETA real.","[SYS04-US03-AC01] O sistema deve fornecer aos modelos as mesmas variáveis previstas para o ambiente real. | [SYS04-US03-AC02] Os comandos ou recomendações dos modelos devem ser aplicados somente ao ambiente simulado. | [SYS04-US03-AC03] O sistema deve registrar entradas, saídas e resultados de cada execução. | [SYS04-US03-AC04] Deve ser possível comparar diferentes modelos utilizando o mesmo cenário.",036,Replay,Need a way to test models and operational data.,Invest in a batch test framework.,,applicable,SYS04-US03-AC03;SYS04-US03-AC04,"[SYS04-US03-AC03] O sistema deve registrar entradas, saídas e resultados de cada execução. | [SYS04-US03-AC04] Deve ser possível comparar diferentes modelos utilizando o mesmo cenário.","Comparar modelos no mesmo cenário e registrar as entradas, saídas e resultados de cada execução evidencia a necessidade de testes repetíveis de modelos, alinhada ao propósito do Replay.",no,Repeatable Scenario Testing for Control and AI Models,Proposed,"Data scientists and control engineers need to evaluate model recommendations in the digital twin before applying them to the real water treatment plant. Models must receive the variables expected in the real environment, while their commands and recommendations affect only the simulation. Each execution must be recorded, and different models must be comparable under the same scenario.","We will establish batch testing for the digital twin that replays the same simulated scenario for different control and AI models. Each execution will provide the model with the variables expected in the real environment, apply its commands or recommendations only to the simulation, and record its inputs, outputs, and results.","Repeated scenarios will support comparisons between models before their recommendations are applied to the real plant. Model commands and recommendations made during testing will remain confined to the simulation. The testing capability will require maintaining comparable scenarios and records for each execution; its results will describe performance in simulation, not establish performance in the real plant.",gpt-6-sol,high,resp_0d50c4ba02dbb57a006ac30d14ba3487d1b2403c71852b26ac
SYS04,"Reproduzir digitalmente a estrutura física, os sensores, os equipamentos e o ambiente de automação da ETA, permitindo executar testes, simular condições operacionais e avaliar estratégias de controle sem interferir na operação real.",SYS04-US03,"Como cientista de dados ou engenheiro de controle, quero conectar modelos de controle e inteligência artificial ao gêmeo digital, para avaliar suas recomendações antes da aplicação na ETA real.","[SYS04-US03-AC01] O sistema deve fornecer aos modelos as mesmas variáveis previstas para o ambiente real. | [SYS04-US03-AC02] Os comandos ou recomendações dos modelos devem ser aplicados somente ao ambiente simulado. | [SYS04-US03-AC03] O sistema deve registrar entradas, saídas e resultados de cada execução. | [SYS04-US03-AC04] Deve ser possível comparar diferentes modelos utilizando o mesmo cenário.",043,Strategy Pattern,How can an ML model that performs a task in a given context be flexibly changed?,"Define an interface (strategy) that different models implement. The context will call the methods exposed by the interface, and the implemented models will behave differently based on the contextual data.","Switching models or achieving flexibility in model behavior is easier, but code complexity is increased.",applicable,SYS04-US03;SYS04-US03-AC04,"[SYS04-US03] Como cientista de dados ou engenheiro de controle, quero conectar modelos de controle e inteligência artificial ao gêmeo digital, para avaliar suas recomendações antes da aplicação na ETA real. | [SYS04-US03-AC04] Deve ser possível comparar diferentes modelos utilizando o mesmo cenário.","A necessidade de conectar e comparar diferentes modelos no mesmo cenário simulado evidencia a troca flexível de modelos em um contexto comum, que é o problema tratado pelo Strategy Pattern.",no,Interchangeable Models for Digital-Twin Evaluation,Proposed,"Data scientists and control engineers need to connect different control and AI models to the digital twin and compare their recommendations before applying them to the real ETA. Each model must receive the variables expected in the real environment, while its commands or recommendations must affect only the simulation. Each execution must also be recorded, and models must be comparable using the same scenario.","We will define a common interface for control and AI models that the digital twin uses to invoke interchangeable models. The twin will provide each model with the required variables for a scenario, apply its commands or recommendations only to the simulated environment, and record the inputs, outputs, and results of each execution. This structure will allow different models to be evaluated against the same scenario.","Models can be changed and compared without changing how the digital twin invokes them. Their recommendations can be evaluated without affecting the real ETA, and recorded executions will support comparison. Each model must conform to the common interface, which increases code complexity.",gpt-6-sol,high,resp_01544ef583a71c17006ac30d1ece0c87d1846a2d45ab33f746
